Time,Irradiance,PV_Voltage,PV_Current,PV_Power,SOC,Vdc,Va,Vb,Vc,Ia,Ib,Ic,Vrms,Irms,Vpeak,Ipeak,ActivePower,ReactivePower,ApparentPower,PowerFactor
0,800,78.6611799203275,3.14644595377278,247.503151279307,20,500.000000032726,-0.000162249560980508,-196.73120594426,196.731368193811,-1.76522463186382e-07,-0.196300857513224,0.19630103403547,160.63042325342,0.160279051057682,196.731368193811,0.19630103403547,77.2370754301557,5.13569336617899e-06,77.2370754301559,0.999999999999998
0.1,800,72.655637539355,272.452722641851,19795.2262628767,19.9989373737067,135.164628014429,-0.00312287898342746,-132.541510247437,132.544341774772,-4.8018459145269e-07,-6.61412351791806,6.61412399810764,108.220845935416,5.40040943425035,132.544341774772,6.61412399810764,1753.31063177535,0.0345886895532677,1753.31063211653,0.99999999980541
0.2,800,0.00317427916388635,317.382371264873,1.00746024809093,19.9989352105958,609.965233280785,0.0108583717597439,-132.557154081048,132.543414754902,6.09441749817043e-08,-6.61464838533752,6.61464832436694,108.226854355194,5.40083776577605,132.557154081048,6.61464838533752,1753.54704152219,0.136282779193973,1753.54704681802,0.999999996979929
0.3,800,0.00319674386391009,317.382369285044,1.01459014152521,19.9989330475009,619.780872325936,0.00140306311979943,-132.548578838787,132.547849328274,-2.801788532407e-07,-6.61441047029316,6.61441075041093,108.22516361072,5.40064364820452,132.548578838787,6.61441075041093,1753.45662723414,0.0140455474926371,1753.45662729039,0.999999999967918
0.4,800,0.192097370652523,317.361357569276,60.9642823357732,19.998930884415,505.378044306528,0.00202218147402509,-132.546995812262,132.544152253489,-2.39337843336552e-07,-6.61444836741504,6.61444860670444,108.22300802747,5.40067457440685,132.546995812262,6.61444860670444,1753.43174325562,0.0267295660468275,1753.43174345935,0.999999999883808
0.5,800,44.8706692446732,303.195780696648,13604.5975920198,19.998928721344,502.457506824331,-0.000470588293926011,-132.546684202865,132.545769871912,-3.43722049072747e-07,-6.61437406447212,6.6143744082061,108.223541191883,5.40061394894733,132.546684202865,6.6143744082061,1753.42069848012,0.00747951536353057,1753.42069849607,0.999999999990902
0.6,800,0.00317289942958663,317.382371024956,1.00702234398594,19.9989265582802,682.041893085793,0.0113026949442385,-132.560880693667,132.547881362304,4.11966141346222e-08,-6.61452150623903,6.61452146509325,108.230199223179,5.40073417751939,132.560880693667,6.61452150623903,1753.5676026583,0.136269686806672,1753.56760795306,0.99999999698058
0.7,800,0.00317620252688782,317.382371642716,1.00807069080124,19.998924395221,509.215024526421,0.00183951461118613,-132.546031383192,132.544428207451,-2.75147340751424e-07,-6.61442244584903,6.61442272106579,108.22272695335,5.40065342420412,132.546031383192,6.61442272106579,1753.42032257473,0.0202752620228829,1753.42032269195,0.999999999933145
0.8,800,0.00317636009029369,317.382371673005,1.00812069874489,19.9989222321642,500.5600343134,0.00123369704326104,-132.548612328949,132.545431038512,-2.78928361580557e-07,-6.61434407916377,6.61434435817869,108.224190027056,5.40058943962414,132.548612328949,6.61434435817869,1753.42325315096,0.0240564863319711,1753.42325331598,0.999999999905885
0.9,800,0.00317637006237729,317.382371673365,1.00812386370958,19.9989200691129,500.353763847812,0.00118122958549637,-132.548534530921,132.545489673469,-2.81286217155629e-07,-6.61435071010447,6.61435099160233,108.224182202916,5.4005948547782,132.548534530921,6.61435099160233,1753.4248845517,0.0230297643377719,1753.42488470293,0.999999999913747
1,800,0.00319918589458723,317.382368883926,1.01536519772414,19.9989179060689,499.266416158896,0.000977737716022309,-132.548408195842,132.545834622213,-2.91449885994914e-07,-6.61435733975085,6.6143576315492,108.224271448856,5.40060027206696,132.548408195842,6.6143576315492,1753.42808938567,0.0193838638172767,1753.42808949281,0.999999999938895
1.1,800,0.00317799359061217,317.382371260341,1.00863914163865,19.9989157430398,496.435970009969,0.000353286333713637,-132.547520588259,132.54668825575,-3.29801593261135e-07,-6.61437299967297,6.61437332976964,108.224257573163,5.40061307397505,132.547520588259,6.61437332976964,1753.43202110059,0.00649045825472244,1753.4320211126,0.999999999993149
1.2,800,78.1886915691609,144.883305251508,11328.2360678307,19.998913580022,281.567652922937,-0.00575652516372415,-132.542189886756,132.544628812384,-5.18649613889305e-07,-6.61414466200641,6.61414518093736,108.221240614042,5.40042671414229,132.544628812384,6.61414518093736,1753.32263565168,0.0560970822290245,1753.32263654908,0.999999999488169
1.3,800,0.00317507713859299,317.382371441931,1.00771351175771,19.9989114170101,559.156246328179,0.0173366964529499,-132.551840442512,132.543472542824,1.31234163399394e-07,-6.61464141152379,6.61464128060474,108.224708853029,5.40083204312464,132.551840442512,6.61464141152379,1753.51041792348,0.171332947264811,1753.51042629382,0.99999999522652
1.4,800,0.00317634612807234,317.382371681016,1.00811626740741,19.9989092540065,500.841634300098,0.000700646962336056,-132.548408112397,132.545474114511,-2.952731473112e-07,-6.61431954907285,6.61431984468085,108.224124238948,5.40056941766287,132.548408112397,6.61431984468085,1753.41568673435,0.0205380580028181,1753.41568685463,0.999999999931401
1.5,800,0.00317641262491009,317.382371700135,1.00813737239221,19.9989070910215,495.370397219147,0.00135064862957636,-132.548181226669,132.5467216701,-2.99379769934079e-07,-6.61422092540457,6.61422122505856,108.22454092274,5.40048889342668,132.548181226669,6.61422122505856,1753.39629367565,0.0159687291880507,1753.39629374837,0.999999999958528
1.6,800,0.0047964136650236,317.382206295541,1.52229635131127,19.9989049280451,519.095682230251,0.0033909338080854,-132.542722064254,132.536280214112,-1.89789846126546e-07,-6.61401648591294,6.61401667592902,108.218049567673,5.40032192452127,132.542722064254,6.61401667592902,1753.23691632185,0.0531575171795038,1753.23691712771,0.99999999954036
1.7,800,35.9187157784163,307.144444095272,11032.2339903777,19.9989027650775,508.438782929042,0.00210661661799528,-132.545734756829,132.533152611953,-1.52847566691885e-07,-6.61402305720929,6.61402321028521,108.21800273511,5.40032727488151,132.545734756829,6.61402321028521,1753.23789332383,0.0855459510413661,1753.23789541085,0.999999998809616
1.8,800,50.0386750865941,300.407022489709,15031.9693920937,19.9989006021235,503.2881275412,0.0014928823387648,-132.539697627368,132.539804885935,-2.94823543842547e-07,-6.61402511917922,6.61402541424413,108.218253741508,5.40032901643968,132.539804885935,6.61402541424413,1753.24252730992,0.0140351665612514,1753.2425273661,0.999999999967958
1.9,800,49.9508047073582,300.456068373584,15008.0223944696,19.9988984391745,500.363045129756,0.00319415397360396,-132.534491382142,132.545230837059,-3.72578660763309e-07,-6.61402583198092,6.61402620472436,108.218343537152,5.40032963015196,132.545230837059,6.61402620472436,1753.2441796963,0.0770402796010571,1753.24418138894,0.99999999903457
2,800,50.8653094358274,299.907410862539,15254.8832556209,19.9988962762326,495.436797013096,0.00420573057327048,-132.543032863586,132.536409310357,-1.72265393862808e-07,-6.61402619504143,6.6140263673806,108.218229165651,5.40032984477491,132.543032863586,6.6140263673806,1753.24239714592,0.0589174468810175,1753.24239813587,0.999999999435357
2.1,800,42.5720463128119,304.30541239184,12954.9041095847,19.9988941132907,508.90652496751,0.00173445989166708,-132.55105793908,132.527907208117,-5.30434073398641e-08,-6.61400704137581,6.61400709441016,108.21803477662,5.40031415716644,132.55105793908,6.61400709441016,1753.23414903261,0.15398420118296,1753.23415579473,0.999999996143063
2.2,800,69.1005988811428,281.579751949583,19457.3294925198,19.998891950353,505.255338473512,0.000435129222925693,-132.540329450622,132.539303047921,-3.0113043193348e-07,-6.61402416251973,6.61402446360457,108.218306805422,5.4003282377881,132.540329450622,6.61402446360457,1753.24313424266,0.0079784938200299,1753.24313426081,0.999999999989646
2.3,800,0.695974429688395,317.287922770007,220.824281096871,19.9988897874204,502.501863573212,0.00309790433934034,-132.530782672015,132.54894767811,-4.64972400102055e-07,-6.61401492039858,6.61401538548986,108.218347020931,5.40032075858314,132.54894767811,6.61401538548986,1753.24135327688,0.123549125092707,1753.24135763007,0.999999997517062
2.4,800,70.2364052603696,279.317455740334,19618.2540176735,19.9988876244933,496.175284755659,0.00464528477811718,-132.54136664784,132.538270426275,-1.97843051296921e-07,-6.61403117978647,6.61403137776037,108.218308712904,5.40033392526753,132.54136664784,6.61403137776037,1753.24501097288,0.0480791247303899,1753.24501163211,0.999999999623991
2.5,800,44.824195140896,303.225456265026,13591.8370233108,19.9988854615793,510.557398029232,0.00225563220267319,-132.551243034481,132.527936985786,-4.05362148377022e-08,-6.61398563931814,6.6139856800454,108.218122506942,5.40029667743518,132.551243034481,6.6139856800454,1753.22989533368,0.155589429944008,1753.22990223753,0.999999996062211
2.6,800,49.6439460402434,300.638207202727,14924.8669360077,19.998883298676,504.260417868781,0.000335414111847886,-132.54292709738,132.536536329737,-2.51967038596059e-07,-6.61402116796679,6.61402142014526,108.218237812822,5.40032577277992,132.54292709738,6.61402142014526,1753.24121572301,0.0424218046774378,1753.24121623623,0.999999999707272
2.7,800,47.3684123811018,301.905467827042,14300.7827001408,19.9988811357763,502.924053572967,0.00250570236178975,-132.531089583027,132.548610938808,-4.63109942732202e-07,-6.61402240535746,6.61402286865969,108.218334820785,5.40032686929609,132.548610938808,6.61402286865969,1753.24313986577,0.118189999988795,1753.24314384949,0.999999997727797
2.8,800,52.0113071090367,299.199223501021,15561.7427002969,19.9988789728853,496.365388280049,0.00462374593240702,-132.538534618279,132.541203540979,-2.58978371415149e-07,-6.61403157397816,6.61403183316631,108.218349978536,5.40033427211432,132.541203540979,6.61403183316631,1753.24579215911,0.0467446621190847,1753.24579278225,0.999999999644575
2.9,800,47.7845116141581,301.69236663891,14416.2223975598,19.9988768100008,515.816022821725,0.00282721423913938,-132.550793471448,132.528274470658,-3.68032515636074e-08,-6.61398412549163,6.61398416252886,108.218076727926,5.40029543989456,132.550793471448,6.61398416252886,1753.22875227758,0.151275776364166,1753.22875880393,0.999999996277527
3,800,50.375350310926,300.206156424032,15122.9902953572,19.9988746471329,501.15517341392,0.000494844244929992,-132.545774329895,132.533590389183,-1.88928698687755e-07,-6.61402717218659,6.61402736144745,108.2181975985,5.40033064951885,132.545774329895,6.61402736144745,1753.24214612127,0.0807448203410107,1753.24214798061,0.999999998939488
3.1,800,51.0537417718602,299.795657480155,15305.6900813169,19.9988724842729,499.138833849453,0.00187779369043978,-132.53236860248,132.547508118965,-4.43578476437452e-07,-6.61402817034668,6.61402861430925,108.218406689831,5.4003315684947,132.547508118965,6.61402861430925,1753.24583087296,0.101618435018593,1753.24583381788,0.999999998320309
3.2,800,52.5813344419981,298.823614132649,15712.5443938754,19.9988703214164,496.265032167817,0.00455013846398523,-132.535887274533,132.543924810964,-3.16543641065348e-07,-6.61403174911232,6.61403206601265,108.218380202018,5.40033443867166,132.543924810964,6.61403206601265,1753.24633518397,0.0681030132582917,1753.24633650667,0.999999999245574
3.3,800,52.9761556121583,298.579156654201,15817.5758654599,19.998868158573,497.242309098101,0.0033040417809404,-132.549874690506,132.529540492863,-4.9983808299605e-08,-6.61401721159872,6.61401726198986,108.218218420983,5.40032246003959,132.549874690506,6.61401726198986,1753.23982114147,0.13800449525802,1753.23982657292,0.999999996902054
3.4,800,77.7153141530069,222.309667953615,17276.8656842658,19.998865995739,497.139911863127,0.00072818395530418,-132.54801592516,132.531556844111,-1.40895371623627e-07,-6.61402305171091,6.61402319303177,108.21828262937,5.40032726559313,132.54801592516,6.61402319303177,1753.24242356301,0.109093956393667,1753.24242695715,0.99999999806408
3.5,800,55.5329327547324,296.810767533928,16482.7723943422,19.9988638329074,499.346128190156,0.00138113008742295,-132.533825519704,132.545997154215,-4.21789408689257e-07,-6.61403072440692,6.61403114663087,108.218384560111,5.4003336450014,132.545997154215,6.61403114663087,1753.24614754915,0.081490836925065,1753.24614944299,0.999999998919806
3.6,800,75.4558745444766,260.766401089932,19676.3568460566,19.9988616700827,494.640997705261,0.00436706719904378,-132.534054187321,132.545843490351,-3.57053714683924e-07,-6.61403207847813,6.61403243600729,108.218415199644,5.40033472418437,132.545843490351,6.61403243600729,1753.24699398727,0.0880154623795017,1753.24699619652,0.999999998739909
3.7,800,56.5015806827729,296.083240482221,16729.1711009231,19.9988595072582,493.909780947812,0.00381897581006631,-132.547702128966,132.531632051682,-8.22011766985701e-08,-6.61402752263284,6.61402760535816,108.218185237873,5.40033089216406,132.547702128966,6.61402760535816,1753.2420229154,0.112145314952094,1753.24202650206,0.999999997954269
3.8,800,65.8965676626825,286.678118669825,18891.1040443366,19.9988573444352,504.127387389076,0.000986814565903477,-132.550262851888,132.529305296293,-8.92962980757931e-08,-6.61401311370511,6.61401320363555,108.218280873113,5.40031913026531,132.550262851888,6.61401320363555,1753.23975182568,0.138933534305298,1753.2397573305,0.999999996860203
3.9,800,52.3522237764661,298.989954802417,15652.7890207316,19.9988551816159,505.297737116373,0.000953858892096676,-132.536167187791,132.543463169618,-3.79770255543541e-07,-6.61402807235699,6.61402845275816,108.218305972597,5.40033146253762,132.543463169618,6.61402845275816,1753.24416701325,0.0490371331617368,1753.24416769902,0.999999999608857
4,800,50.3057677716279,300.237028760498,15103.6542452692,19.9988530188009,489.079377745105,0.00398140105333963,-132.532662224951,132.547412395153,-3.9878571788895e-07,-6.61403109648344,6.61403149576817,108.218487491641,5.40033393943571,132.547412395153,6.61403149576817,1753.24790951808,0.104401602652757,1753.24791262651,0.999999998227045
4.1,800,48.9459319164904,301.029409201811,14734.1649676532,19.9988508559904,493.604559387427,0.00419160336231654,-132.545646870321,132.533751906123,-1.17790684806426e-07,-6.61402779287686,6.61402791120661,108.218211523685,5.40033112735283,132.545646870321,6.61402791120661,1753.24252650868,0.0879255940489852,1753.24252871343,0.999999998742475
4.2,800,40.0098113161701,305.453290691922,12221.128526487,19.9988486931897,504.382442679954,0.00133915522654957,-132.550814980246,132.528261267539,-6.72412717515718e-08,-6.61400966193818,6.61400972975593,108.218080110362,5.40031630288195,132.550814980246,6.61400972975593,1753.23558046818,0.149705471769747,1753.23558685971,0.999999996354435
4.3,800,77.1247233383056,242.139170813603,18674.9165583658,19.9988465303968,506.343689103676,0.000617067933897365,-132.538512614758,132.541094231948,-3.34424672121525e-07,-6.61402870883197,6.6140290438265,108.218296337719,5.40033196368007,132.541094231948,6.6140290438265,1753.24417421034,0.0180022026765687,1753.24417430277,0.999999999947285
4.4,800,52.011054583298,299.195798525777,15561.4890082176,19.9988443676138,492.817810692934,0.00361174998763421,-132.531862314276,132.548214953223,-4.16365930519463e-07,-6.61403540546523,6.61403582234745,108.218488606493,5.40033746488874,132.548214953223,6.61403582234745,1753.24907158618,0.113280847154098,1753.24907524583,0.999999997912648
4.5,800,58.6289032953529,294.35454077711,17257.6839057692,19.9988422048314,493.728059328439,0.00456257513868161,-132.543296570119,132.536232327532,-1.59398919550181e-07,-6.61402959223724,6.61402975221212,108.218264579921,5.40033261352598,132.543296570119,6.61402975221212,1753.24386962711,0.0633157600681925,1753.24387077039,0.999999999347908
4.6,800,45.3443616305557,302.962184303647,13737.6268454477,19.9988400420567,506.564354023825,0.00183732468697351,-132.551290152299,132.527868299565,-4.78113250018513e-08,-6.61399922282219,6.6139992711552,108.218113703208,5.40030777142482,132.551290152299,6.6139992711552,1753.23335439237,0.155869823119954,1753.23336132111,0.999999996048021
4.7,800,50.7901851741329,299.959528264727,15234.999985311,19.9988378792837,503.59295397467,0.00034432731286776,-132.540880712332,132.538705673889,-2.91692545366894e-07,-6.61402651626077,6.61402680837961,108.218287982868,5.40033015594926,132.540880712332,6.61402680837961,1753.24345199486,0.0147917256191807,1753.24345205726,0.99999999996441
4.8,800,49.0325716310724,300.984123297765,14758.0255854132,19.9988357165238,498.789292429409,0.00303877407171886,-132.531175067478,132.548763667903,-4.44579355588823e-07,-6.61402782315324,6.61402826830047,108.218432077427,5.40033128549608,132.548763667903,6.61402826830047,1753.24614915793,0.119716087026162,1753.24615324519,0.999999997668748
4.9,800,51.8553094172353,299.296863157066,15520.1314466176,19.9988335537758,495.603929352688,0.00463582490982859,-132.540641805143,132.538979771759,-2.13966598393232e-07,-6.61403029918478,6.61403051362647,108.218302380803,5.40033321298221,132.540641805143,6.61403051362647,1753.24467722696,0.0447794480809785,1753.24467779881,0.999999999673831
5,800,64.6677563574771,288.206804561529,18637.687417952,19.9988313910326,512.064093675255,0.00237786891233618,-132.551188567089,132.527942622672,-3.77831056246579e-08,-6.61398457508277,6.61398461322786,108.218102570689,5.40029580743647,132.551188567089,6.61398461322786,1753.22928992062,0.155354769416803,1753.22929680367,0.999999996074077
5.1,800,50.8888683901078,299.899592916823,15261.5509141911,19.9988292282925,503.19604432808,0.000368665767860998,-132.543582107668,132.535793946646,-2.35623356558768e-07,-6.61402619795611,6.61402643387669,108.218202158318,5.40032987311175,132.543582107668,6.61402643387669,1753.24196902893,0.0516605678246298,1753.24196979003,0.999999999565885
5.2,800,50.9962987846686,299.831275976421,15290.285334682,19.9988270655613,499.801004094744,0.00237613851035105,-132.531468493582,132.548419817867,-4.51170468582367e-07,-6.61402682692007,6.61402727852162,108.218411469467,5.40033047471006,132.548419817867,6.61402727852162,1753.2455524269,0.114256017214373,1753.24555614983,0.999999997876547
5.3,800,70.3365258655393,279.101525143215,19631.0316423472,19.9988249028351,495.451927911924,0.00460493321669809,-132.538289095005,132.541620019715,-2.62853136711455e-07,-6.61403188279018,6.61403214601048,108.218419773603,5.40033452590439,132.541620019715,6.61403214601048,1753.24700525832,0.0484081565898266,1753.2470059266,0.999999999618828
5.4,800,49.8981359155959,300.501755336127,14994.4774306372,19.9988227401184,516.747739176869,0.00286310607952453,-132.550771182949,132.528315971697,-3.57883975145995e-08,-6.61398486941064,6.61398490558756,108.218084569518,5.40029604695067,132.550771182949,6.61398490558756,1753.22907643238,0.150919487504808,1753.22908292802,0.999999996295042
5.5,800,75.3759338077593,261.168158644511,19685.793838683,19.998820577402,501.847314518489,0.000483356442969577,-132.546020147533,132.533509854444,-1.83879520163901e-07,-6.61402275190553,6.61402293613816,108.21826508115,5.40032703832171,132.546020147533,6.61402293613816,1753.24206691441,0.0828930594538901,1753.242068874,0.999999998882307
5.6,800,46.9719593009355,302.116732462952,14191.0148613814,19.9988184146927,502.000302110529,0.00184814520202262,-132.532538955754,132.547239850571,-4.37703851809785e-07,-6.6140290200933,6.61402945822059,108.218366705902,5.40033225992767,132.547239850571,6.61402945822059,1753.24540773671,0.0987141481563492,1753.24541051569,0.999999998414948
5.7,800,50.1915994270193,300.309911465618,15073.0347802459,19.9988162519854,495.092892793089,0.00454569806183537,-132.535548154784,132.544292622556,-3.23958280012623e-07,-6.61403200266781,6.61403232711616,108.218391924488,5.40033464878032,132.544292622556,6.61403232711616,1753.24659316571,0.0717849305742973,1753.24659463529,0.999999999161794
5.8,800,48.8573469478052,301.082528220721,14710.0935412021,19.9988140892781,497.158852241506,0.00342270743631274,-132.549337563937,132.529852378516,-5.48033943185023e-08,-6.61402516490426,6.6140252200662,108.218126441961,5.40032895583404,132.549337563937,6.6140252200662,1753.24044028224,0.132802051245369,1753.24044531189,0.999999997131224
5.9,800,57.1765696605752,295.563713860386,16899.3192746767,19.9988119265708,498.481295760481,0.000775681584980578,-132.548596093,132.530966466992,-1.26890489962833e-07,-6.61402279503318,6.61402292238567,108.218278492286,5.40032705031407,132.548596093,6.61402292238567,1753.24228614726,0.116846586097349,1753.24229004094,0.999999997779155
6,800,50.7862416531256,299.962042977649,15233.9448014281,19.9988097638679,503.849893452546,0.00129334913730712,-132.534067161192,132.545632746597,-4.16421997028946e-07,-6.61402819054795,6.6140286074633,108.218334429608,5.40033157394698,132.545632746597,6.6140286074633,1753.24466319187,0.0774034648903587,1753.2446649005,0.999999999025446
6.1,800,70.4543327219969,278.830256983991,19644.79969851,19.9988076011666,489.958026369625,0.00426380588616052,-132.533696780243,132.546334648047,-3.66115410039289e-07,-6.61403463033681,6.6140349969799,108.218469817694,5.400336811489,132.546334648047,6.6140349969799,1753.24855627312,0.0926001159487721,1753.24855871851,0.999999998605219
6.2,800,66.5115381458227,285.72765398103,19004.1857570757,19.9988054384687,493.815563785815,0.00386036573956226,-132.547400029594,132.532130110212,-8.90615350936357e-08,-6.61401995168129,6.61402004130762,108.218265219044,5.40032471332533,132.547400029594,6.61402004130762,1753.241313005,0.107273148403427,1753.24131628679,0.99999999812816
6.3,800,77.7964972488552,216.970112851344,16879.5147875234,19.9988032757745,501.692457774272,0.00109388238181543,-132.550323271981,132.529035006914,-8.35969102073574e-08,-6.61401752864735,6.614017612792,108.218195205438,5.40032273268852,132.550323271981,6.614017612792,1753.23953329072,0.14118448856582,1753.23953897536,0.999999996757638
6.4,800,69.9932190538276,279.839872292446,19586.8934813603,19.9988011130824,505.703009052217,0.000837836225694654,-132.536914856827,132.542749484924,-3.62328896995775e-07,-6.61402972789655,6.61403009080501,108.21831983155,5.40033280713864,132.542749484924,6.61403009080501,1753.24482831776,0.039344567902436,1753.24482875923,0.999999999748201
6.5,800,52.1300449572922,299.118856948811,15593.0794603154,19.9987989504011,491.100347608268,0.00387220375519654,-132.532370864287,132.547711089754,-4.03609699498302e-07,-6.6140323264486,6.61403273066184,108.218490498059,5.40033494571011,132.547711089754,6.61403273066184,1753.24828471765,0.107706708851636,1753.248288026,0.999999998113014
6.6,800,51.4752317995474,299.532712139152,15418.51578891,19.9987967877239,493.881244427354,0.00434010817035772,-132.544857931514,132.534594555024,-1.3016285114369e-07,-6.61402844899833,6.61402857979684,108.218233424851,5.40033166816412,132.544857931514,6.61402857979684,1753.24305732563,0.0791224346174395,1753.24305911099,0.999999998981678
6.7,800,45.8294522777852,302.714963345178,13873.2609663993,19.9987946250547,505.375063781687,0.00157727905947994,-132.551225769413,132.527974497121,-5.40192002019581e-08,-6.61400071097266,6.61400076563091,108.218130766478,5.40030898907687,132.551225769413,6.61400076563091,1753.23402627058,0.154498166657017,1753.23403307791,0.999999996117273
6.8,800,49.8373299750203,300.528126136555,14977.519389042,19.9987924623896,507.203447559689,0.000513724744542164,-132.539679117754,132.539861139757,-3.11806287970002e-07,-6.61402592644097,6.61402623889556,108.218269147508,5.40032968266544,132.539861139757,6.61402623889556,1753.24299324476,0.00500064763702792,1753.24299325189,0.999999999995932
6.9,800,0.569505809095707,317.30929093869,180.709484469624,19.9987902997245,494.296310311438,0.00336744473614547,-132.531345440827,132.54868040056,-4.3429611749311e-07,-6.61402934811167,6.6140297830662,108.218467634727,5.40033252645827,132.54868040056,6.6140297830662,1753.24712816432,0.118867833486451,1753.24713219386,0.99999999770167
7,800,0.00317616804039747,317.382371721437,1.00805974564718,19.9987881370635,496.686656953688,0.0046249787638607,-132.541306245192,132.537623037395,-1.99647897393277e-07,-6.6140419905878,6.61404219084219,108.218019760998,5.40034275318087,132.541306245192,6.61404219084219,1753.24319563541,0.0496936429697874,1753.24319633966,0.999999999598313
7.1,800,0.00343891198485838,317.382343890212,1.09144994618649,19.9987859744079,502.289125351725,0.00221151664276868,-132.550677906111,132.527814696364,-4.46410286238878e-08,-6.6140185108319,6.61401855601701,108.217841853757,5.40032351873368,132.550677906111,6.61401855601701,1753.23406288437,0.152633046907178,1753.23406952833,0.999999996210453
7.2,800,68.6966771560586,282.316212202015,19394.1856855631,19.9987838117522,508.140712622614,0.000300770313212576,-132.542265502881,132.537294347624,-2.63082123301561e-07,-6.61402154276287,6.61402180634922,108.218277165051,5.40032608345688,132.542265502881,6.61402180634922,1753.24195433228,0.0330385025952971,1753.24195464357,0.999999999822447
7.3,800,77.268550719391,239.141790745425,18478.1395873389,19.9987816491055,500.591023348249,0.00267261791161126,-132.531119397322,132.548741014759,-4.52707719296105e-07,-6.61402602895561,6.61402648212383,108.218400099748,5.4003298238144,132.548741014759,6.61402648212383,1753.24515658309,0.119159782933049,1753.24516063245,0.999999997690361
7.4,800,64.5170791936531,288.40045379468,18606.7549169569,19.9987794864677,495.193696681216,0.00463749765338081,-132.539321182446,132.540412531895,-2.40402918847965e-07,-6.6140320984918,6.61403233944635,108.218348159535,5.40033469293408,132.540412531895,6.61403233944635,1753.24589938141,0.0440132305037647,1753.24589993386,0.999999999684898
7.5,800,54.6547888094263,297.461887867264,16257.7166602386,19.998777323838,519.567854251848,0.00261388906015508,-132.550985825277,132.528016398738,-3.56257989111812e-08,-6.6139824118811,6.61398244804112,108.218049912618,5.4002940403793,132.550985825277,6.61398244804112,1753.22786326075,0.153879972577029,1753.22787001374,0.999999996148255
7.6,800,49.7969501058854,300.546637306913,14966.305902464,19.9987751612104,501.093323412396,0.000442683751346441,-132.544887981399,132.534486992371,-2.07378821521142e-07,-6.61402559093425,6.61402579883308,108.218201753877,5.40032936604064,132.544887981399,6.61402579883308,1753.24179725905,0.0689467670406113,1753.24179861472,0.99999999922676
7.7,800,63.4163271987568,289.726247187425,18373.3744897056,19.9987729985873,500.99740956387,0.00209264181332768,-132.532015276653,132.54779976825,-4.43596178270741e-07,-6.61402926465564,6.61402970880875,108.218381527161,5.40033246207201,132.54779976825,6.61402970880875,1753.24571304708,0.106175700235264,1753.24571626206,0.999999998166273
7.8,800,56.9266349229467,295.759243130826,16836.5784587955,19.9987708359645,497.905682686316,0.00461304839334687,-132.53683314837,132.543033346652,-2.92709554380356e-07,-6.61402936312379,6.61402965637355,108.218402395358,5.40033248086488,132.543033346652,6.61402965637355,1753.24605943787,0.0595403541214109,1753.24606044887,0.999999999423357
7.9,800,48.505583487573,301.282625562326,14613.8895475686,19.9987686733441,500.605488214833,0.003186901989148,-132.550121494901,132.528881384711,-4.16602689220322e-08,-6.61402156250752,6.61402160467037,108.218050126511,5.40032600918256,132.550121494901,6.61402160467037,1753.23824640141,0.14361742491226,1753.23825228366,0.999999996644924
8,800,7.73972833990272,315.677467012528,2443.25783770557,19.998766510734,492.337702063893,0.000637489489778391,-132.547195631044,132.532267245589,-1.58089978092571e-07,-6.61403622388619,6.61403638254684,108.218237728701,5.40033802770814,132.547195631044,6.61403638254684,1753.2451907019,0.0989395579190619,1753.24519349359,0.999999998407701
8.1,800,55.5111303399745,296.825419890939,16477.1145717836,19.998764348127,498.095378279217,0.00154221328606698,-132.533256789984,132.546609782703,-4.2931921522796e-07,-6.61403139123386,6.61403182100409,108.218402505653,5.40033419254407,132.546609782703,6.61403182100409,1753.24661565976,0.089444244039696,1753.24661794132,0.999999998698666
8.2,800,77.6638392053233,225.303659658047,17497.9471960535,19.9987621855276,490.899759428395,0.00448173652917127,-132.53451978218,132.545421208004,-3.47600801638408e-07,-6.61403006989758,6.61403041799068,108.218432867952,5.40033308033296,132.545421208004,6.61403041799068,1753.24674677234,0.0833960625491247,1753.24674875577,0.999999998868707
8.3,800,75.0720890117207,263.010875722687,19744.7758733042,19.9987600229282,497.942622027777,0.00357943713971863,-132.548684703614,132.530912468345,-6.8889387903793e-08,-6.61401143809216,6.61401150752149,108.218292645255,5.40031775376353,132.548684703614,6.61401150752149,1753.23949690148,0.122233350595158,1753.23950116245,0.999999997569661
8.4,800,70.1270831006692,279.550501964822,19604.0612821209,19.9987578603288,499.460994583917,0.000869649600875853,-132.549372523773,132.530192662271,-1.09120610396543e-07,-6.61402356526156,6.61402367504965,108.218279608547,5.40032767203227,132.549372523773,6.61402367504965,1753.24250535993,0.127132423039863,1753.24250996929,0.999999997370951
8.5,800,57.3949432309455,295.397671986876,16954.3326142402,19.998755697733,505.234129893729,0.00115665342451219,-132.534947860325,132.544757298725,-4.01353576726625e-07,-6.61402710800203,6.61402750999518,108.218336544005,5.40033068395998,132.544757298725,6.61402750999518,1753.24440898476,0.0657356177156557,1753.2444102171,0.999999999297111
8.6,800,51.5518899969925,299.479443304903,15438.7313176149,19.998753535143,488.113561538372,0.00410942247466448,-132.533080552638,132.547012764106,-3.85306944683094e-07,-6.61403296919678,6.61403335518879,108.218495108041,5.40033546307301,132.547012764106,6.61403335518879,1753.24852783521,0.0998243181962944,1753.24853067705,0.999999998379102
8.7,800,48.3110136911881,301.38480672298,14560.2055239099,19.9987513725529,493.408402929726,0.00403096664435279,-132.546480213148,132.532924166362,-1.02876565875312e-07,-6.61402833663611,6.61402844018192,108.218213841648,5.40033156529488,132.546480213148,6.61402844018192,1753.24270574752,0.097285432120152,1753.24270844665,0.999999998460493
8.8,800,60.9899904800418,292.251783021766,17824.4334642727,19.9987492099629,502.193810703812,0.00118142884266095,-132.550992981614,132.528474993771,-6.97450696382704e-08,-6.61400900152076,6.61400907194053,108.218240030632,5.40031576471566,132.550992981614,6.61400907194053,1753.23799664008,0.149353856691241,1753.23800300161,0.99999999637155
8.9,800,52.4663637370421,298.916546017011,15683.0642303488,19.9987470473729,505.052118313192,0.0006989500359079,-132.537898967854,132.541743553739,-3.48097194519201e-07,-6.6140263311618,6.61402667979263,108.218310908346,5.40033002788751,132.541743553739,6.61402667979263,1753.24378170067,0.0262267913711784,1753.24378189683,0.999999999888114
9,800,60.5519570055122,292.638659563914,17719.8435320648,19.9987448847829,496.636610110058,0.00373745718685653,-132.531801575988,132.54810256546,-4.16745395923198e-07,-6.61403061259837,6.61403103001566,108.218417928203,5.40033355174779,132.54810256546,6.61403103001566,1753.24665610249,0.113312803182023,1753.24665976421,0.999999997911464
9.1,800,49.0404914877377,300.977539611581,14760.0864693219,19.9987427221934,495.737346602055,0.00453027437686602,-132.543873336641,132.535554737142,-1.47414909257163e-07,-6.61402679490739,6.61402694298213,108.218223433155,5.40033032465751,132.543873336641,6.61402694298213,1753.24245968323,0.0694783889822543,1753.24246105989,0.999999999214791
9.2,800,52.4716596685952,298.916926866283,15684.66725571,19.9987405596081,507.872317178942,0.00174296619955164,-132.551343182968,132.52780809293,-4.82110282633286e-08,-6.61399923721405,6.61399928611518,108.218110777207,5.40030778340766,132.551343182968,6.61399928611518,1753.23331082081,0.156519866887877,1753.23331780747,0.999999996014989
9.3,800,0.00317599572216378,317.382371720312,1.00800505487391,19.9987383970228,507.481490603016,0.000479942328133134,-132.540140662916,132.539017679648,-3.08922571318425e-07,-6.61402365935219,6.61402396899335,108.218113232277,5.40032783044663,132.540140662916,6.61402396899335,1753.23986591827,0.00874383202358218,1753.23986594008,0.999999999987564
9.4,800,15.2001748114689,313.797184686822,4769.77206258647,19.9987362344386,503.346809176385,0.00307191022372167,-132.530748559701,132.548966878912,-4.66169921120325e-07,-6.61401454474632,6.61401501164172,108.218340934579,5.40032045260088,132.548966878912,6.61401501164172,1753.24115531327,0.123834874017351,1753.24115968663,0.999999997505562
9.5,800,0.00317608262312777,317.382371738663,1.00803263576625,19.9987340718579,496.734970063013,0.00463027608792599,-132.540476005222,132.538524819794,-2.18441824996257e-07,-6.61404043721301,6.61404065638302,108.218048960632,5.40034149257793,132.540476005222,6.61404065638302,1753.24325956013,0.0452393992422315,1753.24326014379,0.999999999667096
9.6,800,0.00317589516201625,317.382371720276,1.00797313885567,19.9987319092773,505.23560153093,0.0023866362152756,-132.55061260525,132.52777725859,-4.16832933907221e-08,-6.6140162656292,6.61401630805604,108.217799911145,5.4003216844073,132.55061260525,6.61401630805604,1753.23278784887,0.152680942391557,1753.23279449701,0.999999996208068
9.7,800,51.7994250256157,299.338601299053,15505.567435263,19.9987297466995,503.38223600979,0.000298294054702115,-132.542961213506,132.536549007947,-2.51609110966467e-07,-6.61402246674488,6.61402271911804,108.218256916705,5.40032683330728,132.542961213506,6.61402271911804,1753.24186952702,0.0425386523655228,1753.24187004307,0.999999999705657
9.8,800,44.3206255320425,303.470941471163,13450.0219567998,19.9987275841236,508.366419570148,0.00256832313068487,-132.531316046966,132.548343800224,-4.54974420287644e-07,-6.61402083950356,6.61402129527208,108.218318202788,5.40032558770612,132.548343800224,6.61402129527208,1753.24245476802,0.115114337421807,1753.24245854711,0.999999997844516
9.9,800,57.6697627294472,295.167407287499,17022.2343437362,19.9987254215477,495.131591701227,0.00463373950630836,-132.538666152468,132.541127839934,-2.54498320987869e-07,-6.61403304362247,6.61403329894398,108.218372771646,5.40033547049532,132.541127839934,6.61403329894398,1753.2465505018,0.0463324229046412,1753.24655111401,0.999999999650816
10,800,0.00317576467303131,317.382371707953,1.00793172391301,19.9987232589763,509.654706763116,0.00287335560384471,-132.550350625188,132.528000897134,-3.69413614737142e-08,-6.61401619114232,6.61401622887847,108.217784245331,5.40032162167405,132.550350625188,6.61401622887847,1753.23251389094,0.150251026510264,1753.23252032915,0.999999996327804
